Time,Position,Velocity,Bias_Input
0.10000000000000002,-0.0025575270688324575,-0.025575270688324575,1.1999850985482639
0.2000000000000001,-0.01147799338547524,-0.08920466316642783,1.1999964428821666
0.30000000000000016,-0.03033527490028664,-0.18857281514811397,1.1999947681139065
0.40000000000000024,-0.06770235303458519,-0.3736707813429855,1.1999489086142232
0.5000000000000003,-0.1445327583063478,-0.768304052717626,1.1999383889171988
0.6000000000000004,-0.3075388338902439,-1.6300607558389608,1.1999483899765466
0.7000000000000005,-0.5972933062608536,-2.897544723706097,1.1999853523290016
0.8000000000000006,-0.9881636225589079,-3.9087031629805424,1.1999967357726053
0.9000000000000007,-1.6500123939554536,-6.618487713965457,1.1999558827477619
1.0000000000000007,-3.7568672777074497,-21.068548837519963,1.1999737901879168
1.0999999999999985,12.018714719099401,157.7558199680685,0.0
1.1999999999999964,8.420990549568089,-35.977241695313126,0.0
1.2999999999999943,7.174961975066373,-12.460285745017154,0.0
1.3999999999999921,6.32328167908807,-8.516802959783032,0.0
1.49999999999999,5.631460089062768,-6.918215900253015,0.0
1.5999999999999879,5.007884331663206,-6.235757573995624,0.0
1.6999999999999857,4.394516453720647,-6.133678779425589,0.0
1.7999999999999836,1.9649372457267824,-24.295792079938646,0.0
1.8999999999999815,1.2818283759278761,-6.831088697989062,0.0
1.9999999999999793,1.2923096178133122,0.10481241885436088,0.0
2.0999999999999774,1.319266921100065,0.2695730328675272,1.1999789457898937
2.1999999999999753,1.3622947233877607,0.4302780228769576,1.199975654711076
2.299999999999973,1.4200291116210806,0.5773438823331989,1.1999999999584903
2.399999999999971,1.4895278308800262,0.6949871925894557,1.1999946286001322
2.499999999999969,-1.1004933171771956,-25.900211480572217,1.199923556166178
2.599999999999967,-0.6499477198607757,4.5054559731641985,1.1999950507039534
2.6999999999999647,-0.4516550139531903,1.982927059075854,1.1999509214979358
2.7999999999999625,-0.3189706013028503,1.3268441265033997,1.1999783396758374
2.8999999999999604,-0.22487196885365915,0.9409863244919117,1.1999395617552409
2.9999999999999583,-0.15825931610119695,0.666126527524622,1.1999768496598955
3.099999999999956,-0.10626551422165312,0.5199380187954383,0.0
3.199999999999954,-0.057404702134823044,0.48860812086830074,0.0
3.299999999999952,2.696182374372872,27.53587076507695,0.0
3.3999999999999497,2.8660600248979513,1.698776505250792,0.0
3.4999999999999476,3.039065066255839,1.7300504135788763,0.0
3.5999999999999455,3.2249295860339724,1.8586451977813345,0.0
3.6999999999999433,3.4340401689727647,2.0911058293879226,0.0
3.799999999999941,0.23271485746145126,-32.01325311511313,0.0
3.899999999999939,0.28869267762431494,0.5597782016286368,0.0
3.999999999999937,0.34928962698700006,0.6059694936268512,0.0
4.099999999999935,0.409393464540356,0.6010383755335597,1.199957683566166
4.199999999999933,0.4608177653982584,0.5142430085790239,1.199999967245376
4.2999999999999305,0.502321877307104,0.41504111908845565,1.1999304685812124
4.399999999999928,0.532139114951488,0.2981723764438404,1.1999969733827354
4.499999999999926,0.5476426138325715,0.15503498881083488,1.1999971391276782
4.599999999999924,-2.2613127151492516,-28.08955328981823,1.1999999155973387
4.699999999999922,-1.246499112979037,10.148136021702145,1.1999656068771072
4.79999999999992,-0.5829375291821159,6.635615837969211,1.199999577351371
4.899999999999918,-4.010676356238913,-34.27738827056797,1.199995742195326
4.999999999999916,-4.3537644088961285,-3.430880526572153,1.1999907204137281
5.0999999999999135,-4.8756947710968985,-5.2193036220077005,0.0
5.199999999999911,-5.99988250691062,-11.241877358137211,0.0
5.299999999999909,-7.204475101856334,-12.045925949457148,0.0
5.399999999999907,-9.343226294696793,-21.38751192840458,0.0
5.499999999999905,11.411337067973728,207.54563362670518,0.0
5.599999999999903,9.80618910207451,-16.05147965899217,0.0
5.699999999999901,8.841485668215743,-9.647034338587677,0.0
5.799999999999899,8.042995066460547,-7.98490601755196,0.0
5.899999999999896,4.198730254228141,-38.44264812232405,0.0
5.999999999999894,4.608218272888067,4.094880186599257,0.0
6.099999999999892,4.948023945713546,3.39805672825479,1.1999968465165607
6.19999999999989,3.1103022083160705,-18.37721737397475,1.1999948015379773
6.299999999999888,2.9793559551598445,-1.30946253156226,1.199924138338918
6.399999999999886,2.8551430822223356,-1.2421287293750893,1.199998844589113
6.499999999999884,2.743944773425813,-1.1119830879652248,1.1999363292306011
6.5999999999998815,-2.093817322105227,-48.377620955310405,1.1999981277317813
6.699999999999879,-1.425889226928451,6.679280951767758,1.199943011401927
6.799999999999877,-1.0036553818064917,4.222338451219594,1.1999725924556022
6.899999999999875,-0.6970574703801542,3.065979114263375,1.1999327403612088
6.999999999999873,-0.4617486230933062,2.3530884728684796,1.1999283367765663
7.099999999999871,-0.2681614450731753,1.9358717802013092,0.0
7.199999999999869,-0.09424073248895941,1.7392071258421586,0.0
7.299999999999867,0.06311649901294147,1.5735723150190088,0.0
7.3999999999998645,0.20680480709802848,1.43688308085087,0.0
7.499999999999862,0.3405411771957384,1.3373637009770991,0.0
7.59999999999986,0.4688256160089034,1.2828443881316498,0.0
7.699999999999858,2.9631311927238113,24.94305576714908,0.0
7.799999999999856,3.1432803043998168,1.8014911167600545,0.0
7.899999999999854,3.706270804721262,5.629905003214453,0.0
7.999999999999852,5.480911799693092,17.7464099497183,0.0
8.099999999999866,5.756193804802568,2.752820051094762,1.1999871556941781
8.199999999999882,6.009256508692071,2.5306270388950303,1.1999580769788143
8.299999999999898,6.253703334124925,2.4444682543285357,1.1999443646498527
8.399999999999913,6.500355035057926,2.4665170093300137,1.1999230201061992
8.499999999999929,6.770797967595175,2.704429325372484,1.1999958525426588
8.599999999999945,2.23459950470534,-45.36198462889834,1.1999895602639765
8.69999999999996,-4.025579193288144,-62.601786979934836,1.1999984753937318
8.799999999999976,-2.9222796427905937,11.032995504975505,1.199975687634885
8.899999999999991,-2.28044083805924,6.418388047313539,1.199979535136438
9.000000000000007,-1.7600116427243184,5.204291953349213,1.1999804311264217
9.100000000000023,-1.301683214279205,4.583284284451135,0.0
9.200000000000038,-0.9194853078166092,3.8219790646259577,0.0
9.300000000000054,-0.6158380042565186,3.036473035600906,0.0
9.40000000000007,-0.37673453315891897,2.3910347109759957,0.0
9.500000000000085,-0.18435399669755104,1.9238053646136792,0.0
9.600000000000101,-0.022427677276324658,1.6192631942122637,0.0
9.700000000000117,0.12538305449381026,1.4781073177013493,0.0
9.800000000000132,1.723130222554889,15.977471680610789,0.0
9.900000000000148,1.5529974984396258,-1.7013272411526326,0.0
10.000000000000163,10.591507613520138,90.38510115080513,0.0
10.100000000000179,4.611290271623134,-59.802173418970035,1.199996284444851
10.200000000000195,7.176810939630241,25.655206680071068,1.1999995018724605
10.30000000000021,7.692744506907334,5.159335672770933,1.1999474850969138
10.400000000000226,8.07398817580133,3.8124366889399663,1.1999904162474662
10.500000000000242,2.838690584523291,-52.352975912780394,1.1999777590050686
10.600000000000257,2.714555917394632,-1.2413466712865873,1.1999896225070175
10.700000000000273,2.654492057179822,-0.6006386021481003,1.199941730295995
10.800000000000288,-4.224202387479289,-68.78694444659111,1.1999372358098332
10.900000000000304,-3.2778894070779208,9.463129804013679,1.1999760551783605
11.00000000000032,-2.7687662922160494,5.091231148618713,1.1999594700933838
11.100000000000335,-2.3755491481594273,3.932171440566221,0.0
11.200000000000351,-2.0472295062471466,3.283196419122807,0.0
11.300000000000367,-1.776778652184832,2.704508540623145,0.0
11.400000000000382,-1.5636510565988893,2.1312759558594285,0.0
11.500000000000398,-1.4041507690963881,1.5950028750250111,0.0
11.600000000000414,-1.28394261684609,1.2020815225029824,0.0
11.70000000000043,-1.1859133683045515,0.9802924854153838,0.0
11.800000000000445,-1.0926754056725345,0.93237962632017,0.0
11.90000000000046,-0.9854651265395995,1.0721027913293502,0.0
12.000000000000476,0.9936586217923447,19.791237483319442,0.0
12.100000000000492,3.171424388150683,21.777657663583383,1.1999963979914343
12.200000000000507,3.3699340963805944,1.985097082299112,1.1999561126331189
12.300000000000523,10.265147871111274,68.9521377473068,1.1999405073904725
12.400000000000539,6.4664892683585835,-37.986586027526904,1.199997937441585
12.500000000000554,9.181945006557148,27.154557381985647,1.1999998147077446
12.60000000000057,9.692146268720785,5.102012621636369,1.1999493864098196
12.700000000000585,2.4019513356347293,-72.90194933086056,1.1999763988703214
12.800000000000601,2.437250653947966,0.3529931831323685,1.1999746517250753
12.900000000000617,2.4565823797877564,0.1933172583979026,1.1999994279122383
13.000000000000632,-5.420463160599196,-78.77045540386952,1.199923439421843
13.100000000000648,-4.544350328191573,8.761128324076228,0.0
13.200000000000664,-3.974464145252062,5.69886182939511,0.0
13.30000000000068,-3.4595546686655143,5.149094765865478,0.0
13.400000000000695,-2.904776491244956,5.547781774205585,0.0
13.50000000000071,-2.561200734555087,3.4357575668986895,0.0
13.600000000000726,-2.398739181800986,1.6246155275410068,0.0
13.700000000000742,-2.299922105585708,0.9881707621527802,0.0
13.800000000000757,-2.2278217662230952,0.7210033936261295,0.0
13.900000000000773,-2.1660545063299574,0.617672598931378,0.0
14.000000000000789,-2.099649689464151,0.6640481686580646,0.0
14.100000000000804,-1.9966203100405895,1.030293794235615,1.1999732275687325
14.20000000000082,1.2737991590163709,32.7041946905696,1.1999906734996117
14.300000000000836,11.612586326804553,103.38787167788183,1.1999479912318327
14.400000000000851,10.336142299034089,-12.764440277704647,1.1999360213408805
14.500000000000867,10.73626887354229,4.001265745082012,1.1999355724469287
14.600000000000882,3.0948115248326045,-76.41457348709686,1.199998681456664
14.700000000000898,3.046340053584352,-0.48471471248252573,1.1999660185175842
14.800000000000914,3.0311268194243417,-0.15213234160010192,1.1999939360425622
14.90000000000093,3.031249858441474,0.0012303901713250909,1.199993801192421
15.000000000000945,3.040112721239956,0.08862862798481697,1.1999801868628825
15.10000000000096,3.0507670043613717,0.10654283121415808,0.0
15.200000000000976,-6.487429884780204,-95.38196889141575,0.0
15.300000000000992,-5.750843753280176,7.365861315000286,0.0
15.400000000001008,-5.1805222001116835,5.703215531684922,0.0
15.500000000001023,-4.255940748372637,9.24581451739047,0.0
15.600000000001039,-3.62740442619732,6.285363221753166,0.0
15.700000000001054,-3.480408394876712,1.4699603132060801,0.0
15.80000000000107,-3.4008534090858045,0.7955498579090747,0.0
15.900000000001086,-3.3399524768845796,0.6090093220122483,0.0
16.0000000000011,-3.2756044278423064,0.643480490422732,0.0
16.10000000000108,-3.1870357095623323,0.8856871827997415,1.1999467777789452
16.20000000000106,-2.0043629005342924,11.826728090280398,1.1999880236248401
16.30000000000104,4.217460263011644,62.21823163545936,1.199999684068745
16.40000000000102,7.051963181439913,28.34502918428269,1.1999499612897861
16.500000000001002,10.464739991648715,34.12776810208802,1.1999988995505046
16.600000000000982,13.253178279700728,27.884382880520135,1.199997720694352
16.700000000000962,13.15512364414579,-0.9805463555493787,1.1999696901910895
16.800000000000942,12.185236238881812,-9.698874052639788,1.199940808688274
16.900000000000922,2.69610925646113,-94.89126982420682,1.1999992585527866
17.000000000000902,2.6895041326688527,-0.0660512379227729,1.1999946042620393
17.100000000000882,2.678747315783832,-0.10756816885020726,0.0
17.200000000000863,2.6699197789638847,-0.08827536819947301,0.0
17.300000000000843,-8.569849705284131,-112.39769484248015,0.0
17.400000000000823,-7.381184580670241,11.886651246138902,0.0
17.500000000000803,-6.776371661490411,6.048129191798299,0.0
17.600000000000783,-6.219147294280086,5.57224367210325,0.0
17.700000000000763,-4.737943863655954,14.812034306241317,0.0
17.800000000000743,-4.630334681491879,1.07609182164075,0.0
17.900000000000723,-4.566636681666123,0.6369799982575675,0.0
18.000000000000703,-4.5157940322395,0.5084264942662298,0.0
18.100000000000684,-4.457879471112605,0.5791456112689453,1.199929723478394
18.200000000000664,-4.370073243957279,0.8780622715532616,1.199955703674628
18.300000000000644,2.4257109263022074,67.95784170259485,1.199942414088296
18.400000000000624,1.8574298214800506,-5.682811048221567,1.199931381968321
18.500000000000604,8.673041281917724,68.15611460437673,1.199964403508513
18.600000000000584,12.617211077234142,39.44169795316417,1.1999996190323774
18.700000000000564,13.131998143914943,5.147870666808014,1.1999498517639304
18.800000000000544,13.573174964656147,4.411768207412035,1.1999977184785389
18.900000000000524,2.9880100759118995,-105.85164888744247,1.199949877524691
19.000000000000504,2.9831251839029247,-0.04884892008974795,1.199933401747116
19.100000000000485,2.9849859868356106,0.018608029326858677,0.0
19.200000000000465,2.986816378040385,0.01830391204774351,0.0
19.300000000000445,2.988593584072772,0.017772060323872907,0.0
19.400000000000425,2.990378459474926,0.017848754021536628,0.0
19.500000000000405,2.9923275965248934,0.019491370499675753,0.0
19.600000000000385,-8.527729055672458,-115.2005665219735,0.0
19.700000000000365,-6.520303019185811,20.07426036486646,0.0
19.800000000000345,-5.894828106665199,6.254749125206125,0.0
19.900000000000325,-5.755222513529843,1.3960559313535548,0.0
20.000000000000306,-5.654894221252663,1.0032829227718043,0.0
20.100000000000286,-5.566751291482944,0.8814292976971938,1.1999649491684323
20.200000000000266,-5.480541853113983,0.8620943836896089,1.1999793323708294
20.300000000000246,-5.381925389369795,0.9861646374418775,1.199999818426582
20.400000000000226,-5.252305067932634,1.2962032143716051,1.1999488851336901
20.500000000000206,1.788569896730583,70.40874964663217,1.1999516164174784
20.600000000000186,-4.634782359000241,-64.23352255730823,1.1999688528409236
20.700000000000166,15.994493089274368,206.29275448274606,1.1999897118986307
20.800000000000146,14.208443889926121,-17.860491993482466,1.1999934591028858
20.900000000000126,15.739728676538196,15.312847866120745,1.1999999963942978
21.000000000000107,15.165771553852494,-5.7395712268570165,1.199990084187265
21.100000000000087,2.6089443538933663,-125.56827199959126,0.0
21.200000000000067,2.6115534171614274,0.02609063268061096,0.0
21.300000000000047,2.612863456360325,0.013100391988976057,0.0
21.400000000000027,2.613734189216926,0.008707328566011086,0.0
21.500000000000007,2.6147799697048217,0.01045780487895609,0.0
21.599999999999987,2.616470849625606,0.01690879920784205,0.0
21.699999999999967,2.619185019109522,0.02714169483915896,0.0
21.799999999999947,-9.998079957994808,-126.1726497710433,0.0
21.899999999999928,-7.881920044503886,21.161599134909217,0.0
21.999999999999908,-8.801469216080832,-9.195491715769464,0.0
22.099999999999888,-6.907203903108606,18.942653129722267,1.1999974581470187
22.199999999999868,-6.791464416005309,1.1573948710329685,1.1999601175825758
22.299999999999848,-6.674678920905164,1.1678549510014502,1.1999894463785417
22.399999999999828,-6.540378764150251,1.343001567549127,1.1999231122267415
22.499999999999808,-6.366607912747356,1.7377085140289505,1.199965323879598
22.59999999999979,2.3339298430650284,87.00537755812384,1.1999436143410736
22.69999999999977,12.305775704901569,99.71845861836539,1.199998366102315
22.79999999999975,8.303278047479054,-40.02497657422514,1.1999994736852446
22.89999999999973,9.529868098179128,12.265900507000733,1.1999563059405436
22.99999999999971,2.809941096950908,-67.19927001228218,1.1999560921035597
23.09999999999969,2.811124263347739,0.011831663968311368,0.0
23.19999999999967,2.8103299977227376,-0.007942656250015112,0.0
23.29999999999965,2.8081209843872914,-0.022090133354462083,0.0
23.39999999999963,2.8048795437236644,-0.03241440663626971,0.0
23.49999999999961,2.800903660808515,-0.03975882915149498,0.0
23.59999999999959,2.7964449307205017,-0.0445873008801323,0.0
23.69999999999957,2.7918064325187135,-0.04638498201788188,0.0
23.79999999999955,2.787265219746575,-0.04541212772138703,0.0
23.89999999999953,2.7831052735170827,-0.041599462294921175,0.0
23.99999999999951,-11.08082931577251,-138.6393458928959,0.0
24.09999999999949,-9.950345498171645,11.304838176008651,1.199994757758434
24.19999999999947,-7.935998140128518,20.143473580431266,1.1999992155978516
24.29999999999945,-7.7968673111390085,1.3913082898950968,1.1999860650840903
24.39999999999943,-7.687711995134174,1.091553160048342,1.1999926043462064
24.49999999999941,-7.58936818853814,0.9834380659603426,1.1999540429433857
24.59999999999939,-7.4948762994482125,0.9449188908992756,1.199940424845582
24.69999999999937,3.019746463537508,105.1462276298572,1.1999999968515556
24.79999999999935,19.967243371342605,169.47496907805095,1.1999920295003625
24.89999999999933,14.48978323074464,-54.77460140597964,1.1999565538885324
24.99999999999931,1.404135837774962,-130.85647392969676,1.1999876732889558
25.09999999999929,2.390547392591821,9.86411554816859,0.0
25.19999999999927,2.425444453706424,0.3489706111460311,0.0
25.29999999999925,-4.876839126644831,-73.02283580351255,0.0
25.39999999999923,-4.294632204495842,5.822069221489894,0.0
25.49999999999921,2.445424354858974,67.40056559354815,0.0
25.59999999999919,2.4429553927482357,-0.024689621107381043,0.0
25.69999999999917,2.4388551289240747,-0.041002638241609546,0.0
25.79999999999915,2.4339756330036244,-0.048794959204503385,0.0
25.89999999999913,2.4290361240260965,-0.04939508977527929,0.0
25.999999999999112,2.424731639868132,-0.04304484157964694,0.0
26.099999999999092,2.4166756482810823,-0.08055991587049505,1.1999341192039361
26.199999999999072,-12.629971577256038,-150.4664722553712,1.19995583561244
26.299999999999052,-12.338197613743054,2.9177396351298412,1.1999998408850936
26.399999999999032,-9.436918626379414,29.012789873636393,1.1999739064155446
26.499999999999012,-9.060324315796098,3.7659431058331627,1.1999999948482905
26.599999999998992,-8.629544348784986,4.307799670111123,1.1999545700016423
26.699999999998973,2.3651630696644785,109.94707418449465,1.1999892179503924
26.799999999998953,21.232993133526353,188.67830063861874,1.1999642762458747
26.899999999998933,17.70879291243729,-35.24200221089064,1.1999523005897952
26.999999999998913,-7.878866006883684,-255.87658919320972,1.1999825670058593
27.099999999998893,-7.776725897779255,1.0214010910442894,0.0
27.199999999998873,1.9275105404407082,97.04236438219962,0.0
27.299999999998853,4.175714409689015,22.482038692483073,0.0
27.399999999998833,3.7553233230491134,-4.203910866399019,0.0
27.499999999998813,3.248531690725219,-5.0679163232389435,0.0
27.599999999998793,-4.373210318282077,-76.21742009007296,0.0
27.699999999998774,-4.691513840640825,-3.183035223587476,0.0
27.799999999998754,-4.931597947120305,-2.4008410647947986,0.0
27.899999999998734,-5.200282169295881,-2.686842221755761,0.0
27.999999999998714,2.68487663670501,78.85158806000891,0.0
28.099999999998694,2.6841529489592943,-0.007236877457157398,1.1999876998658139
28.199999999998674,-14.029640226577486,-167.1379317553678,1.19999544814079
28.299999999998654,-11.81941262341629,22.102276031611954,1.1999239197236322
28.399999999998634,-10.390278968727506,14.291336546887852,1.1999567351620002
28.499999999998614,-9.914059686148844,4.762192825786613,1.199967042091
28.599999999998595,-9.528102793034158,3.859568931146864,1.199993067275524
28.699999999998575,-9.351332381622369,1.767704114117894,1.1999597476623793
28.799999999998555,2.746665585661254,120.97997967283621,1.1999455759356168
28.899999999998535,2.7637875053288306,0.17121919667576702,1.1999871260290522
28.999999999998515,17.46881642361768,147.05028918288852,1.1999523724340346
29.099999999998495,17.807481135146826,3.3866471152914457,0.0
29.199999999998475,-9.096355312908287,-269.03836448055114,0.0
29.299999999998455,3.028467709915824,121.2482302282411,0.0
29.399999999998435,3.268056280256127,2.395885703403029,0.0
29.499999999998415,3.5690556892424588,3.0099940898633193,0.0
29.599999999998396,5.192741210615118,16.236855213726592,0.0
29.699999999998376,9.138801972177346,39.46060761562227,0.0
29.799999999998356,-0.7595330638963449,-98.9833503607369,0.0
29.899999999998336,-2.9452778841884166,-21.857448202920715,0.0
29.999999999998316,-5.914143198736013,-29.68865314547596,0.0
30.099999999998296,-3.82083934153504,20.933038572009725,1.1999248893464551
30.199999999998276,2.140338570185769,59.61177911720809,1.1999999943854807
30.299999999998256,2.1354380278144665,-0.04900542371302663,1.1999989806572384
30.399999999998236,-15.75908477293403,-178.94522800748496,1.1999785742293252
30.499999999998217,-15.369786730987474,3.892980419465548,1.1999948909073372
30.599999999998197,-14.083948440039215,12.858382909482593,1.1999873803482912
30.699999999998177,-11.766799664418766,23.171487756204492,1.1999914653923356
30.799999999998157,-10.538366238235735,12.28433426183031,1.199927905762331
30.899999999998137,-10.201771299652583,3.3659493858315237,1.1999767844128864
30.999999999998117,2.0442053927503254,122.45976692402908,1.1999877811421353
31.099999999998097,18.683567290882223,166.39361898131898,0.0
31.199999999998077,20.0738288981974,13.902616073151783,0.0
31.299999999998057,15.803087421277414,-42.70741476919987,0.0
31.399999999998037,1.9649640947649925,-138.38123326512422,0.0
31.499999999998018,1.930680824155494,-0.3428327060949843,0.0
31.599999999997998,1.8821173136089806,-0.4856351054651342,0.0
31.699999999997978,1.8123983411823297,-0.6971897242665093,0.0
31.799999999997958,7.13502860528991,53.226302641075804,0.0
31.899999999997938,1.5781959326116366,-55.56832672678273,0.0
31.999999999997918,1.4210007875796733,-1.571951450319633,0.0
32.09999999999797,-4.941505314169826,-63.62506101749499,1.199927422235522
32.19999999999802,-4.475444949016517,4.660603651533091,1.1999704680925964
32.29999999999807,-1.635630390571362,28.398145584451555,1.1999880338992008
32.39999999999812,-2.166681647885187,-5.310512573138248,1.1999913121047696
32.499999999998174,-16.884614229981356,-147.17932582096168,1.199988405513039
32.599999999998225,-15.39732697043174,14.872872595496158,1.199985295245802
32.699999999998276,-11.821142940851432,35.761840295803076,1.199926049411171
32.79999999999833,-11.432336377007132,3.888065638442999,1.1999625176774582
32.89999999999838,-11.191825566643725,2.4051081036340705,1.199961120693768
32.99999999999843,-11.025197902040455,1.6662766460327028,1.1999406780693216
33.09999999999848,2.4453654301032772,134.70563332143732,0.0
33.19999999999853,18.7580077872264,163.12642357123124,0.0
33.29999999999858,20.573911043090824,18.159032558644235,0.0
33.399999999998634,21.556191893036384,9.822808499455604,0.0
33.499999999998685,2.373945476161917,-191.82246416874466,0.0
33.59999999999874,26.572918622468478,241.9897314630656,0.0
33.69999999999879,2.352018408518391,-242.20900213950088,0.0
33.79999999999884,2.3444551699544176,-0.07563238563973229,0.0
33.89999999999889,2.3384265311606036,-0.060286387938139896,0.0
33.99999999999894,2.3327893525563166,-0.0563717860428703,0.0
34.09999999999899,2.333551628398543,0.007622758422263232,1.1999448643637478
34.199999999999044,2.361413743341,0.2786211494245716,1.1999830801713698
34.299999999999095,-5.164397361158988,-75.25811104499988,1.1999708461713812
34.399999999999146,-0.19106889200335841,49.73328469155629,1.1999939990172817
34.4999999999992,-0.5011730411725817,-3.101041491692232,1.1999999326028299
34.59999999999925,-1.9408494561865202,-14.396764150139385,1.1999999646575117
34.6999999999993,-17.999350449356534,-160.58500993170014,1.1999791150907178
34.79999999999935,-17.737726200835947,2.6162424852058663,1.1999302910258072
34.8999999999994,-14.232530849291502,35.05195351544445,1.1999630428103836
34.99999999999945,-12.661818103807418,15.707127454840837,1.1999998380978987
35.099999999999504,-12.365064627384704,2.9675347642271355,0.0
35.199999999999555,-12.080447865726793,2.846167616579116,0.0
35.299999999999606,1.8273206783111875,139.07768544037978,0.0
35.39999999999966,20.06900756273145,182.4168688442026,0.0
35.49999999999971,18.37110655350377,-16.979010092276816,0.0
35.59999999999976,23.299379987257698,49.282734337539296,0.0
35.69999999999981,16.787454056084595,-65.11925931173103,0.0
35.79999999999986,16.108090071960635,-6.793639841239596,0.0
35.89999999999991,10.94406715198116,-51.640229199794746,0.0
35.999999999999964,1.6107141097015476,-93.33353042279613,0.0
36.100000000000016,1.5414277050841547,-0.6928640461739288,1.1999271293015417
36.20000000000007,1.4466066683533525,-0.9482103673080222,1.1999653271229282
36.30000000000012,-6.515956012122019,-79.62562680475371,1.1999875301387746
36.40000000000017,-5.986017359418973,5.2993865270304585,1.1999434387276027
36.50000000000022,-5.4339950976206834,5.520222617982897,1.1999668777658072
36.60000000000027,-2.34545029193729,30.885448056833933,1.1999985450286925
36.70000000000032,-1.4180031976481555,9.274470942891343,1.199929263650733
36.800000000000374,-16.545747976685096,-151.2774477903694,1.1999425384647282
36.900000000000425,-0.506266168438936,160.39481808246157,1.1999980768243865
37.000000000000476,-14.189915862873816,-136.8364969443488,1.1999951841237926
37.10000000000053,-13.814676554334293,3.7523930853952336,0.0
37.20000000000058,-13.556614249166012,2.5806230516828066,0.0
37.30000000000063,-12.874744324393458,6.818699247725544,0.0
37.40000000000068,-11.730772520435357,11.439718039581006,0.0
37.50000000000073,-11.637184434282073,0.9358808615328407,0.0
37.60000000000078,21.817518447029048,334.5470288131112,0.0
37.700000000000834,21.320320026682598,-4.971984203464501,0.0
37.800000000000885,24.86438769573261,35.44067669050012,0.0
37.90000000000094,11.527636803484137,-133.36750892248472,0.0
38.00000000000099,29.48801088623552,179.60374082751386,0.0
38.10000000000104,2.2223799657550996,-272.6563092048042,1.199999722568016
38.20000000000109,2.1980221264345094,-0.24357839320590102,1.1999763417715121
38.30000000000114,-5.151478325135762,-73.49500451570272,1.1999935468607184
38.40000000000119,-4.613792682997863,5.3768564213789904,1.199944069282699
38.50000000000124,-8.49632230438583,-38.82529621387967,1.1999993375294058
38.600000000001295,-1.7766795348480675,67.19642769537761,1.199999459976179
38.700000000001346,2.3603119427683033,41.369914776163704,1.1999810147005092
38.8000000000014,-20.987816944872563,-233.48128887640863,1.1999970071240353
38.90000000000145,-19.493807236414582,14.940097084579804,1.1999440210983436
39.0000000000015,-23.244352671867077,-37.50545435452494,1.1999709528759508
39.10000000000155,-15.036930107515001,82.07422564352075,0.0
39.2000000000016,-14.792897513009304,2.440325945056969,0.0
39.30000000000165,-14.425107662446441,3.6778985056286295,0.0
39.400000000001704,-12.637695906395955,17.874117560504867,0.0
39.500000000001755,-12.420201146513458,2.174947598824968,0.0
39.600000000001806,-12.320929548929884,0.9927159758357362,0.0
39.70000000000186,-12.26326433303617,0.5766521589371365,0.0
39.80000000000191,23.37515152611628,356.3841585915245,0.0
39.90000000000196,26.834650010336052,34.59498484219772,0.0
40.00000000000201,14.28876421751712,-125.45885792818932,0.0
40.10000000000206,8.458736392042148,-58.30027825474971,1.1999999217940398
40.20000000000211,31.346332015434,228.87595623391852,1.199998036193307
40.300000000002164,6.3960958684181435,-249.50236147015858,1.1999873105823515
40.400000000002215,1.7835122612014502,-46.12583607216693,1.199934792543199
40.50000000000227,1.8017701799765244,0.1825791877507421,1.199983722901998
40.60000000000232,-5.665105399979291,-74.66875579955816,1.199940362309224
40.70000000000237,1.8402307957938704,75.05336195773161,1.1999799535503766
40.80000000000242,-0.1839043223388163,-20.241351181326863,1.1999992533684156
40.90000000000247,-16.613454273475277,-164.2954995113646,1.1999451838603477
41.00000000000252,-16.212027857484607,4.014264159906702,1.1999497585870418
41.100000000002574,-15.906511928459457,3.055159290251499,0.0
41.200000000002625,-24.87904157599169,-89.72529647532231,0.0
41.300000000002676,-13.509041271463946,113.70000304527743,0.0
41.40000000000273,-13.183747271881861,3.2529399958208494,0.0
41.50000000000278,-13.033454028721758,1.5029324316010317,0.0
41.60000000000283,-12.955397254104009,0.7805677461774962,0.0
41.70000000000288,-12.90705960621159,0.483376478924189,0.0
41.80000000000293,-12.871156706595611,0.35902899615978257,0.0
41.90000000000298,-12.839787963900948,0.3136874269466361,0.0
42.000000000003034,25.10678942890939,379.4657739281034,0.0
42.100000000003085,24.60040056801556,-5.063888608938321,1.1999811852380737
42.200000000003136,14.76264171068918,-98.37758857326378,1.1999852420397554
42.30000000000319,21.745717436534925,69.83075725845744,1.199998398903246
42.40000000000324,19.821637580653327,-19.240798558815975,1.1999998686528857
42.50000000000329,7.1454638836146565,-126.7617369703867,1.1999415813403076
42.60000000000334,-2.418465387263623,-95.63929270878279,1.1999998846512911
42.70000000000339,-3.4967826822384906,-10.783172949748678,1.199933734121345
42.80000000000344,-1.2607454420044157,22.360372402340747,1.1999245287249023
42.900000000003494,1.0603723070871358,23.211177490915514,1.1999230871647395
43.000000000003546,1.264572699375947,2.0420039228881115,1.1999989758577636
43.1000000000036,-17.133125034480763,-183.97697733856708,0.0
43.20000000000365,-15.407971872082866,17.251531623978966,0.0
43.3000000000037,-13.627379373346212,17.80592498736654,0.0
43.40000000000375,-26.180318716748104,-125.52939343401891,0.0
43.5000000000038,-13.474070084217155,127.06248632530948,0.0
43.60000000000385,-13.435435296491875,0.38634787725280617,0.0
43.700000000003904,-13.406361268116083,0.2907402837579198,0.0
43.800000000003955,-13.380692227220212,0.2566904089587041,0.0
43.900000000004006,-13.355113990298214,0.255782369219979,0.0
44.00000000000406,-13.326342819461216,0.2877117083699865,0.0
44.10000000000411,1.8391460768389476,151.6548889630016,1.1999820455747272
44.20000000000416,12.856929178049771,110.17783101210824,1.1999995381251118
44.30000000000421,23.239374123641113,103.82444945591341,1.1999791629510874
44.40000000000426,28.31877891335564,50.79404789714527,1.1999827275894432
44.50000000000431,10.403047537315592,-179.15731376040048,1.1999739828627942
44.600000000004364,18.84996635186099,84.46918814545396,1.1999950690340504
44.700000000004415,7.9771811582496195,-108.72785193611368,1.1999996108146518
44.80000000000447,1.5227957076658367,-64.54385450583783,1.19997454830479
44.90000000000452,-2.772219238476379,-42.95014946142215,1.199949156375365
45.00000000000457,1.3857827642052247,41.58002002681604,1.1999426551224484
45.10000000000462,1.2635375314511093,-1.2224523275411547,0.0
45.20000000000467,-15.566155964618225,-168.29693496069333,0.0
45.30000000000472,-16.663900129146967,-10.977441645287414,0.0
45.40000000000477,-24.519100354724152,-78.55200225577185,0.0
45.500000000004825,-14.059078883824085,104.60021470900067,0.0
45.600000000004876,-27.586031508982128,-135.2695262515804,0.0
45.70000000000493,-13.930763207319407,136.5526830166272,0.0
45.80000000000498,-13.883959521023032,0.4680368629637499,0.0
45.90000000000503,-13.842339930277737,0.416195907452952,0.0
46.00000000000508,-13.80256125195463,0.3977867832310622,0.0
46.10000000000513,-13.76550062699513,0.3706062495949958,1.199989702975565
46.20000000000518,-13.732523467613756,0.32977159381374577,1.1999481916843364
46.300000000005234,26.651817635013064,403.8434110262682,1.199950415951889
46.400000000005285,1.952700325835204,-246.9911730917786,1.199963497426565
46.500000000005336,23.25329444480976,213.00594118974558,1.199997797660613
46.60000000000539,16.849293400944312,-64.04001043865449,1.1999943854206447
46.70000000000544,18.376195414036896,15.269020130925846,1.1999992910267718
46.80000000000549,2.0638247084318473,-163.12370705605048,1.1999992835074176
46.90000000000554,9.609937219124971,75.46112510693123,1.1999561034760915
47.00000000000559,-0.2953158287246983,-99.05253047849669,1.1999389138279053
47.10000000000564,-0.6739483509696491,-3.786325222449508,0.0
47.200000000005694,2.2874697990795654,29.614181500492144,0.0
47.300000000005745,-15.280067364789565,-175.67537163869127,0.0
47.4000000000058,-14.824683858653623,4.553835061359415,0.0
47.50000000000585,-25.496460493638054,-106.7177663498443,0.0
47.6000000000059,-25.886650687184105,-3.901901935460508,0.0
47.70000000000595,-14.50960045661355,113.77050230570555,0.0
47.800000000006,-29.022635153223174,-145.13034696609623,0.0
47.90000000000605,-14.444374728102318,145.78260425120854,0.0
48.000000000006104,-14.419771045797669,0.24603682304649155,0.0
48.100000000006155,-14.392452455255306,0.2731859054236274,1.1999628315688682
48.200000000006206,-14.355987186977902,0.36465268277403595,1.1999874813641984
48.30000000000626,2.0469254171223863,164.02912604100285,1.1999916272267237
48.40000000000631,24.4253762401051,223.78450822982714,1.1999412844692001
48.50000000000636,2.0585352903341017,-223.66840949770994,1.1999998949204418
48.60000000000641,2.0544147980406806,-0.04120492293421041,1.1999984721080292
48.70000000000646,19.847107782648305,177.9269298460762,1.1999640087741912
